"null.deviance","df.null","AIC","BIC","deviance","df.residual","nobs"
50005.3725935568,19771,73990.5220447733,48873.5536036428,48695.4972063031,482,19772
